--------------------------------------------------------
--  File created - Monday-October-22-2018   
--------------------------------------------------------
--------------------------------------------------------
--  DDL for Sequence INGREDIENT_INGREDIENT_ID_SEQ
--------------------------------------------------------

   CREATE SEQUENCE  "TEACHER"."INGREDIENT_INGREDIENT_ID_SEQ"  MINVALUE 1 MAXVALUE 9999999999999999999999999999 INCREMENT BY 1 START WITH 31 NOCACHE  ORDER  NOCYCLE ;
--------------------------------------------------------
--  DDL for Sequence ITEM_ITEM_ID_SEQ
--------------------------------------------------------

   CREATE SEQUENCE  "TEACHER"."ITEM_ITEM_ID_SEQ"  MINVALUE 1 MAXVALUE 9999999999999999999999999999 INCREMENT BY 1 START WITH 43 NOCACHE  ORDER  NOCYCLE ;
--------------------------------------------------------
--  DDL for Sequence PLATE_PLATE_ID_SEQ
--------------------------------------------------------

   CREATE SEQUENCE  "TEACHER"."PLATE_PLATE_ID_SEQ"  MINVALUE 1 MAXVALUE 9999999999999999999999999999 INCREMENT BY 1 START WITH 31 NOCACHE  ORDER  NOCYCLE ;
--------------------------------------------------------
--  DDL for Sequence TABLEORDER_TABLEORDER_ID_SEQ
--------------------------------------------------------

   CREATE SEQUENCE  "TEACHER"."TABLEORDER_TABLEORDER_ID_SEQ"  MINVALUE 1 MAXVALUE 9999999999999999999999999999 INCREMENT BY 1 START WITH 98 NOCACHE  ORDER  NOCYCLE ;
--------------------------------------------------------
--  DDL for Sequence VENDOR_VENDOR_ID_SEQ
--------------------------------------------------------

   CREATE SEQUENCE  "TEACHER"."VENDOR_VENDOR_ID_SEQ"  MINVALUE 1 MAXVALUE 9999999999999999999999999999 INCREMENT BY 1 START WITH 1 NOCACHE  ORDER  NOCYCLE ;
--------------------------------------------------------
--  DDL for Table INGREDIENT
--------------------------------------------------------

  CREATE TABLE "TEACHER"."INGREDIENT" 
   (	"INGREDIENT_ID" NUMBER, 
	"NAME" CHAR(20 CHAR), 
	"UNITPRICE" NUMBER, 
	"UNIT" NUMBER
   ) SEGMENT CREATION IMMEDIATE 
  PCTFREE 10 PCTUSED 40 INITRANS 1 MAXTRANS 255 NOCOMPRESS LOGGING
  STORAGE(INITIAL 65536 NEXT 1048576 MINEXTENTS 1 MAXEXTENTS 2147483645
  PCTINCREASE 0 FREELISTS 1 FREELIST GROUPS 1 BUFFER_POOL DEFAULT FLASH_CACHE DEFAULT CELL_FLASH_CACHE DEFAULT)
  TABLESPACE "SYSTEM" ;
--------------------------------------------------------
--  DDL for Table INGRED_VENDOR
--------------------------------------------------------

  CREATE TABLE "TEACHER"."INGRED_VENDOR" 
   (	"VENDOR_VENDOR_ID" NUMBER, 
	"INGREDIENT_INGREDIENT_ID" NUMBER
   ) SEGMENT CREATION IMMEDIATE 
  PCTFREE 10 PCTUSED 40 INITRANS 1 MAXTRANS 255 NOCOMPRESS LOGGING
  STORAGE(INITIAL 65536 NEXT 1048576 MINEXTENTS 1 MAXEXTENTS 2147483645
  PCTINCREASE 0 FREELISTS 1 FREELIST GROUPS 1 BUFFER_POOL DEFAULT FLASH_CACHE DEFAULT CELL_FLASH_CACHE DEFAULT)
  TABLESPACE "SYSTEM" ;
--------------------------------------------------------
--  DDL for Table ITEM
--------------------------------------------------------

  CREATE TABLE "TEACHER"."ITEM" 
   (	"ITEM_ID" NUMBER
   ) SEGMENT CREATION IMMEDIATE 
  PCTFREE 10 PCTUSED 40 INITRANS 1 MAXTRANS 255 NOCOMPRESS LOGGING
  STORAGE(INITIAL 65536 NEXT 1048576 MINEXTENTS 1 MAXEXTENTS 2147483645
  PCTINCREASE 0 FREELISTS 1 FREELIST GROUPS 1 BUFFER_POOL DEFAULT FLASH_CACHE DEFAULT CELL_FLASH_CACHE DEFAULT)
  TABLESPACE "SYSTEM" ;
--------------------------------------------------------
--  DDL for Table ITEM_INGRED
--------------------------------------------------------

  CREATE TABLE "TEACHER"."ITEM_INGRED" 
   (	"ITEM_ITEM_ID" NUMBER, 
	"INGREDIENT_INGREDIENT_ID" NUMBER
   ) SEGMENT CREATION IMMEDIATE 
  PCTFREE 10 PCTUSED 40 INITRANS 1 MAXTRANS 255 NOCOMPRESS LOGGING
  STORAGE(INITIAL 65536 NEXT 1048576 MINEXTENTS 1 MAXEXTENTS 2147483645
  PCTINCREASE 0 FREELISTS 1 FREELIST GROUPS 1 BUFFER_POOL DEFAULT FLASH_CACHE DEFAULT CELL_FLASH_CACHE DEFAULT)
  TABLESPACE "SYSTEM" ;
--------------------------------------------------------
--  DDL for Table PAYMENT
--------------------------------------------------------

  CREATE TABLE "TEACHER"."PAYMENT" 
   (	"AMOUNT" NUMBER, 
	"Date" DATE, 
	"TABLEORDER_TABLEORDER_ID" NUMBER
   ) SEGMENT CREATION IMMEDIATE 
  PCTFREE 10 PCTUSED 40 INITRANS 1 MAXTRANS 255 NOCOMPRESS LOGGING
  STORAGE(INITIAL 65536 NEXT 1048576 MINEXTENTS 1 MAXEXTENTS 2147483645
  PCTINCREASE 0 FREELISTS 1 FREELIST GROUPS 1 BUFFER_POOL DEFAULT FLASH_CACHE DEFAULT CELL_FLASH_CACHE DEFAULT)
  TABLESPACE "SYSTEM" ;
--------------------------------------------------------
--  DDL for Table PLATE
--------------------------------------------------------

  CREATE TABLE "TEACHER"."PLATE" 
   (	"PLATE_ID" NUMBER
   ) SEGMENT CREATION IMMEDIATE 
  PCTFREE 10 PCTUSED 40 INITRANS 1 MAXTRANS 255 NOCOMPRESS LOGGING
  STORAGE(INITIAL 65536 NEXT 1048576 MINEXTENTS 1 MAXEXTENTS 2147483645
  PCTINCREASE 0 FREELISTS 1 FREELIST GROUPS 1 BUFFER_POOL DEFAULT FLASH_CACHE DEFAULT CELL_FLASH_CACHE DEFAULT)
  TABLESPACE "SYSTEM" ;
--------------------------------------------------------
--  DDL for Table PLATE_ITEM
--------------------------------------------------------

  CREATE TABLE "TEACHER"."PLATE_ITEM" 
   (	"PLATE_PLATE_ID" NUMBER, 
	"ITEM_ITEM_ID" NUMBER
   ) SEGMENT CREATION IMMEDIATE 
  PCTFREE 10 PCTUSED 40 INITRANS 1 MAXTRANS 255 NOCOMPRESS LOGGING
  STORAGE(INITIAL 65536 NEXT 1048576 MINEXTENTS 1 MAXEXTENTS 2147483645
  PCTINCREASE 0 FREELISTS 1 FREELIST GROUPS 1 BUFFER_POOL DEFAULT FLASH_CACHE DEFAULT CELL_FLASH_CACHE DEFAULT)
  TABLESPACE "SYSTEM" ;
--------------------------------------------------------
--  DDL for Table SPOILAGE
--------------------------------------------------------

  CREATE TABLE "TEACHER"."SPOILAGE" 
   (	"SHELFLIFE" NUMBER, 
	"DISPOSALTYPE" CHAR(2 CHAR), 
	"REUSECODE" NUMBER(2,0), 
	"INGREDIENT_INGREDIENT_ID" NUMBER
   ) SEGMENT CREATION IMMEDIATE 
  PCTFREE 10 PCTUSED 40 INITRANS 1 MAXTRANS 255 NOCOMPRESS LOGGING
  STORAGE(INITIAL 65536 NEXT 1048576 MINEXTENTS 1 MAXEXTENTS 2147483645
  PCTINCREASE 0 FREELISTS 1 FREELIST GROUPS 1 BUFFER_POOL DEFAULT FLASH_CACHE DEFAULT CELL_FLASH_CACHE DEFAULT)
  TABLESPACE "SYSTEM" ;
--------------------------------------------------------
--  DDL for Table STORAGE
--------------------------------------------------------

  CREATE TABLE "TEACHER"."STORAGE" 
   (	"TYPE" CHAR(15 BYTE), 
	"DAYIN" DATE, 
	"DAYOUT" DATE, 
	"QUANTITY" NUMBER, 
	"INGREDIENT_INGREDIENT_ID" NUMBER
   ) SEGMENT CREATION IMMEDIATE 
  PCTFREE 10 PCTUSED 40 INITRANS 1 MAXTRANS 255 NOCOMPRESS LOGGING
  STORAGE(INITIAL 65536 NEXT 1048576 MINEXTENTS 1 MAXEXTENTS 2147483645
  PCTINCREASE 0 FREELISTS 1 FREELIST GROUPS 1 BUFFER_POOL DEFAULT FLASH_CACHE DEFAULT CELL_FLASH_CACHE DEFAULT)
  TABLESPACE "SYSTEM" ;
--------------------------------------------------------
--  DDL for Table TABLEORDER
--------------------------------------------------------

  CREATE TABLE "TEACHER"."TABLEORDER" 
   (	"TABLEORDER_ID" NUMBER, 
	"BILL" NUMBER
   ) SEGMENT CREATION IMMEDIATE 
  PCTFREE 10 PCTUSED 40 INITRANS 1 MAXTRANS 255 NOCOMPRESS LOGGING
  STORAGE(INITIAL 65536 NEXT 1048576 MINEXTENTS 1 MAXEXTENTS 2147483645
  PCTINCREASE 0 FREELISTS 1 FREELIST GROUPS 1 BUFFER_POOL DEFAULT FLASH_CACHE DEFAULT CELL_FLASH_CACHE DEFAULT)
  TABLESPACE "SYSTEM" ;
--------------------------------------------------------
--  DDL for Table TABLE_PLATE
--------------------------------------------------------

  CREATE TABLE "TEACHER"."TABLE_PLATE" 
   (	"TABLEORDER_TABLEORDER_ID" NUMBER, 
	"PLATE_PLATE_ID" NUMBER
   ) SEGMENT CREATION IMMEDIATE 
  PCTFREE 10 PCTUSED 40 INITRANS 1 MAXTRANS 255 NOCOMPRESS LOGGING
  STORAGE(INITIAL 65536 NEXT 1048576 MINEXTENTS 1 MAXEXTENTS 2147483645
  PCTINCREASE 0 FREELISTS 1 FREELIST GROUPS 1 BUFFER_POOL DEFAULT FLASH_CACHE DEFAULT CELL_FLASH_CACHE DEFAULT)
  TABLESPACE "SYSTEM" ;
--------------------------------------------------------
--  DDL for Table VENDOR
--------------------------------------------------------

  CREATE TABLE "TEACHER"."VENDOR" 
   (	"VENDOR_ID" NUMBER, 
	"NAME" CHAR(40 BYTE), 
	"PHONE" CHAR(10 CHAR), 
	"ADDRESS" CHAR(30 CHAR), 
	"CITY" CHAR(20 CHAR), 
	"STATE" CHAR(2 CHAR), 
	"ZIP" CHAR(5 CHAR), 
	"EMAIL" VARCHAR2(4000 BYTE), 
	"WEBSITE" VARCHAR2(4000 BYTE), 
	"POC" CHAR(20 BYTE)
   ) SEGMENT CREATION IMMEDIATE 
  PCTFREE 10 PCTUSED 40 INITRANS 1 MAXTRANS 255 NOCOMPRESS LOGGING
  STORAGE(INITIAL 65536 NEXT 1048576 MINEXTENTS 1 MAXEXTENTS 2147483645
  PCTINCREASE 0 FREELISTS 1 FREELIST GROUPS 1 BUFFER_POOL DEFAULT FLASH_CACHE DEFAULT CELL_FLASH_CACHE DEFAULT)
  TABLESPACE "SYSTEM" ;
REM INSERTING into TEACHER.INGREDIENT
SET DEFINE OFF;
Insert into TEACHER.INGREDIENT (INGREDIENT_ID,NAME,UNITPRICE,UNIT) values (1,null,null,null);
Insert into TEACHER.INGREDIENT (INGREDIENT_ID,NAME,UNITPRICE,UNIT) values (2,null,null,null);
Insert into TEACHER.INGREDIENT (INGREDIENT_ID,NAME,UNITPRICE,UNIT) values (3,null,null,null);
Insert into TEACHER.INGREDIENT (INGREDIENT_ID,NAME,UNITPRICE,UNIT) values (4,null,null,null);
Insert into TEACHER.INGREDIENT (INGREDIENT_ID,NAME,UNITPRICE,UNIT) values (5,null,null,null);
Insert into TEACHER.INGREDIENT (INGREDIENT_ID,NAME,UNITPRICE,UNIT) values (6,null,null,null);
Insert into TEACHER.INGREDIENT (INGREDIENT_ID,NAME,UNITPRICE,UNIT) values (7,null,null,null);
Insert into TEACHER.INGREDIENT (INGREDIENT_ID,NAME,UNITPRICE,UNIT) values (8,null,null,null);
Insert into TEACHER.INGREDIENT (INGREDIENT_ID,NAME,UNITPRICE,UNIT) values (9,null,null,null);
Insert into TEACHER.INGREDIENT (INGREDIENT_ID,NAME,UNITPRICE,UNIT) values (10,null,null,null);
Insert into TEACHER.INGREDIENT (INGREDIENT_ID,NAME,UNITPRICE,UNIT) values (11,null,null,null);
Insert into TEACHER.INGREDIENT (INGREDIENT_ID,NAME,UNITPRICE,UNIT) values (12,null,null,null);
Insert into TEACHER.INGREDIENT (INGREDIENT_ID,NAME,UNITPRICE,UNIT) values (13,null,null,null);
Insert into TEACHER.INGREDIENT (INGREDIENT_ID,NAME,UNITPRICE,UNIT) values (14,null,null,null);
Insert into TEACHER.INGREDIENT (INGREDIENT_ID,NAME,UNITPRICE,UNIT) values (15,null,null,null);
Insert into TEACHER.INGREDIENT (INGREDIENT_ID,NAME,UNITPRICE,UNIT) values (16,null,null,null);
Insert into TEACHER.INGREDIENT (INGREDIENT_ID,NAME,UNITPRICE,UNIT) values (17,null,null,null);
Insert into TEACHER.INGREDIENT (INGREDIENT_ID,NAME,UNITPRICE,UNIT) values (18,null,null,null);
Insert into TEACHER.INGREDIENT (INGREDIENT_ID,NAME,UNITPRICE,UNIT) values (19,null,null,null);
Insert into TEACHER.INGREDIENT (INGREDIENT_ID,NAME,UNITPRICE,UNIT) values (20,null,null,null);
Insert into TEACHER.INGREDIENT (INGREDIENT_ID,NAME,UNITPRICE,UNIT) values (21,null,null,null);
Insert into TEACHER.INGREDIENT (INGREDIENT_ID,NAME,UNITPRICE,UNIT) values (22,null,null,null);
Insert into TEACHER.INGREDIENT (INGREDIENT_ID,NAME,UNITPRICE,UNIT) values (23,null,null,null);
Insert into TEACHER.INGREDIENT (INGREDIENT_ID,NAME,UNITPRICE,UNIT) values (24,null,null,null);
Insert into TEACHER.INGREDIENT (INGREDIENT_ID,NAME,UNITPRICE,UNIT) values (25,null,null,null);
Insert into TEACHER.INGREDIENT (INGREDIENT_ID,NAME,UNITPRICE,UNIT) values (26,null,null,null);
Insert into TEACHER.INGREDIENT (INGREDIENT_ID,NAME,UNITPRICE,UNIT) values (27,null,null,null);
Insert into TEACHER.INGREDIENT (INGREDIENT_ID,NAME,UNITPRICE,UNIT) values (28,null,null,null);
Insert into TEACHER.INGREDIENT (INGREDIENT_ID,NAME,UNITPRICE,UNIT) values (29,null,null,null);
Insert into TEACHER.INGREDIENT (INGREDIENT_ID,NAME,UNITPRICE,UNIT) values (30,null,null,null);
REM INSERTING into TEACHER.INGRED_VENDOR
SET DEFINE OFF;
Insert into TEACHER.INGRED_VENDOR (VENDOR_VENDOR_ID,INGREDIENT_INGREDIENT_ID) values (10001,1);
Insert into TEACHER.INGRED_VENDOR (VENDOR_VENDOR_ID,INGREDIENT_INGREDIENT_ID) values (10002,2);
Insert into TEACHER.INGRED_VENDOR (VENDOR_VENDOR_ID,INGREDIENT_INGREDIENT_ID) values (10003,3);
Insert into TEACHER.INGRED_VENDOR (VENDOR_VENDOR_ID,INGREDIENT_INGREDIENT_ID) values (10004,4);
Insert into TEACHER.INGRED_VENDOR (VENDOR_VENDOR_ID,INGREDIENT_INGREDIENT_ID) values (10005,5);
Insert into TEACHER.INGRED_VENDOR (VENDOR_VENDOR_ID,INGREDIENT_INGREDIENT_ID) values (10006,6);
Insert into TEACHER.INGRED_VENDOR (VENDOR_VENDOR_ID,INGREDIENT_INGREDIENT_ID) values (10007,7);
Insert into TEACHER.INGRED_VENDOR (VENDOR_VENDOR_ID,INGREDIENT_INGREDIENT_ID) values (10008,8);
Insert into TEACHER.INGRED_VENDOR (VENDOR_VENDOR_ID,INGREDIENT_INGREDIENT_ID) values (10009,9);
Insert into TEACHER.INGRED_VENDOR (VENDOR_VENDOR_ID,INGREDIENT_INGREDIENT_ID) values (10010,10);
Insert into TEACHER.INGRED_VENDOR (VENDOR_VENDOR_ID,INGREDIENT_INGREDIENT_ID) values (10011,11);
Insert into TEACHER.INGRED_VENDOR (VENDOR_VENDOR_ID,INGREDIENT_INGREDIENT_ID) values (10012,12);
Insert into TEACHER.INGRED_VENDOR (VENDOR_VENDOR_ID,INGREDIENT_INGREDIENT_ID) values (10013,13);
Insert into TEACHER.INGRED_VENDOR (VENDOR_VENDOR_ID,INGREDIENT_INGREDIENT_ID) values (10014,14);
Insert into TEACHER.INGRED_VENDOR (VENDOR_VENDOR_ID,INGREDIENT_INGREDIENT_ID) values (10015,15);
Insert into TEACHER.INGRED_VENDOR (VENDOR_VENDOR_ID,INGREDIENT_INGREDIENT_ID) values (10016,16);
Insert into TEACHER.INGRED_VENDOR (VENDOR_VENDOR_ID,INGREDIENT_INGREDIENT_ID) values (10017,17);
Insert into TEACHER.INGRED_VENDOR (VENDOR_VENDOR_ID,INGREDIENT_INGREDIENT_ID) values (10018,18);
Insert into TEACHER.INGRED_VENDOR (VENDOR_VENDOR_ID,INGREDIENT_INGREDIENT_ID) values (10019,19);
Insert into TEACHER.INGRED_VENDOR (VENDOR_VENDOR_ID,INGREDIENT_INGREDIENT_ID) values (10020,20);
Insert into TEACHER.INGRED_VENDOR (VENDOR_VENDOR_ID,INGREDIENT_INGREDIENT_ID) values (10021,21);
Insert into TEACHER.INGRED_VENDOR (VENDOR_VENDOR_ID,INGREDIENT_INGREDIENT_ID) values (10022,22);
Insert into TEACHER.INGRED_VENDOR (VENDOR_VENDOR_ID,INGREDIENT_INGREDIENT_ID) values (10023,23);
Insert into TEACHER.INGRED_VENDOR (VENDOR_VENDOR_ID,INGREDIENT_INGREDIENT_ID) values (10024,24);
Insert into TEACHER.INGRED_VENDOR (VENDOR_VENDOR_ID,INGREDIENT_INGREDIENT_ID) values (10025,25);
Insert into TEACHER.INGRED_VENDOR (VENDOR_VENDOR_ID,INGREDIENT_INGREDIENT_ID) values (10026,26);
Insert into TEACHER.INGRED_VENDOR (VENDOR_VENDOR_ID,INGREDIENT_INGREDIENT_ID) values (10027,27);
Insert into TEACHER.INGRED_VENDOR (VENDOR_VENDOR_ID,INGREDIENT_INGREDIENT_ID) values (10028,28);
Insert into TEACHER.INGRED_VENDOR (VENDOR_VENDOR_ID,INGREDIENT_INGREDIENT_ID) values (10029,29);
Insert into TEACHER.INGRED_VENDOR (VENDOR_VENDOR_ID,INGREDIENT_INGREDIENT_ID) values (10030,30);
REM INSERTING into TEACHER.ITEM
SET DEFINE OFF;
Insert into TEACHER.ITEM (ITEM_ID) values (13);
Insert into TEACHER.ITEM (ITEM_ID) values (14);
Insert into TEACHER.ITEM (ITEM_ID) values (15);
Insert into TEACHER.ITEM (ITEM_ID) values (16);
Insert into TEACHER.ITEM (ITEM_ID) values (17);
Insert into TEACHER.ITEM (ITEM_ID) values (18);
Insert into TEACHER.ITEM (ITEM_ID) values (19);
Insert into TEACHER.ITEM (ITEM_ID) values (20);
Insert into TEACHER.ITEM (ITEM_ID) values (21);
Insert into TEACHER.ITEM (ITEM_ID) values (22);
Insert into TEACHER.ITEM (ITEM_ID) values (23);
Insert into TEACHER.ITEM (ITEM_ID) values (24);
Insert into TEACHER.ITEM (ITEM_ID) values (25);
Insert into TEACHER.ITEM (ITEM_ID) values (26);
Insert into TEACHER.ITEM (ITEM_ID) values (27);
Insert into TEACHER.ITEM (ITEM_ID) values (28);
Insert into TEACHER.ITEM (ITEM_ID) values (29);
Insert into TEACHER.ITEM (ITEM_ID) values (30);
Insert into TEACHER.ITEM (ITEM_ID) values (31);
Insert into TEACHER.ITEM (ITEM_ID) values (32);
Insert into TEACHER.ITEM (ITEM_ID) values (33);
Insert into TEACHER.ITEM (ITEM_ID) values (34);
Insert into TEACHER.ITEM (ITEM_ID) values (35);
Insert into TEACHER.ITEM (ITEM_ID) values (36);
Insert into TEACHER.ITEM (ITEM_ID) values (37);
Insert into TEACHER.ITEM (ITEM_ID) values (38);
Insert into TEACHER.ITEM (ITEM_ID) values (39);
Insert into TEACHER.ITEM (ITEM_ID) values (40);
Insert into TEACHER.ITEM (ITEM_ID) values (41);
Insert into TEACHER.ITEM (ITEM_ID) values (42);
REM INSERTING into TEACHER.ITEM_INGRED
SET DEFINE OFF;
Insert into TEACHER.ITEM_INGRED (ITEM_ITEM_ID,INGREDIENT_INGREDIENT_ID) values (13,1);
Insert into TEACHER.ITEM_INGRED (ITEM_ITEM_ID,INGREDIENT_INGREDIENT_ID) values (14,2);
Insert into TEACHER.ITEM_INGRED (ITEM_ITEM_ID,INGREDIENT_INGREDIENT_ID) values (15,3);
Insert into TEACHER.ITEM_INGRED (ITEM_ITEM_ID,INGREDIENT_INGREDIENT_ID) values (16,4);
Insert into TEACHER.ITEM_INGRED (ITEM_ITEM_ID,INGREDIENT_INGREDIENT_ID) values (17,5);
Insert into TEACHER.ITEM_INGRED (ITEM_ITEM_ID,INGREDIENT_INGREDIENT_ID) values (18,6);
Insert into TEACHER.ITEM_INGRED (ITEM_ITEM_ID,INGREDIENT_INGREDIENT_ID) values (19,7);
Insert into TEACHER.ITEM_INGRED (ITEM_ITEM_ID,INGREDIENT_INGREDIENT_ID) values (20,8);
Insert into TEACHER.ITEM_INGRED (ITEM_ITEM_ID,INGREDIENT_INGREDIENT_ID) values (21,9);
Insert into TEACHER.ITEM_INGRED (ITEM_ITEM_ID,INGREDIENT_INGREDIENT_ID) values (22,10);
Insert into TEACHER.ITEM_INGRED (ITEM_ITEM_ID,INGREDIENT_INGREDIENT_ID) values (23,11);
Insert into TEACHER.ITEM_INGRED (ITEM_ITEM_ID,INGREDIENT_INGREDIENT_ID) values (24,12);
Insert into TEACHER.ITEM_INGRED (ITEM_ITEM_ID,INGREDIENT_INGREDIENT_ID) values (25,13);
Insert into TEACHER.ITEM_INGRED (ITEM_ITEM_ID,INGREDIENT_INGREDIENT_ID) values (26,14);
Insert into TEACHER.ITEM_INGRED (ITEM_ITEM_ID,INGREDIENT_INGREDIENT_ID) values (27,15);
Insert into TEACHER.ITEM_INGRED (ITEM_ITEM_ID,INGREDIENT_INGREDIENT_ID) values (28,16);
Insert into TEACHER.ITEM_INGRED (ITEM_ITEM_ID,INGREDIENT_INGREDIENT_ID) values (29,17);
Insert into TEACHER.ITEM_INGRED (ITEM_ITEM_ID,INGREDIENT_INGREDIENT_ID) values (30,18);
Insert into TEACHER.ITEM_INGRED (ITEM_ITEM_ID,INGREDIENT_INGREDIENT_ID) values (31,19);
Insert into TEACHER.ITEM_INGRED (ITEM_ITEM_ID,INGREDIENT_INGREDIENT_ID) values (32,20);
Insert into TEACHER.ITEM_INGRED (ITEM_ITEM_ID,INGREDIENT_INGREDIENT_ID) values (33,21);
Insert into TEACHER.ITEM_INGRED (ITEM_ITEM_ID,INGREDIENT_INGREDIENT_ID) values (34,22);
Insert into TEACHER.ITEM_INGRED (ITEM_ITEM_ID,INGREDIENT_INGREDIENT_ID) values (35,23);
Insert into TEACHER.ITEM_INGRED (ITEM_ITEM_ID,INGREDIENT_INGREDIENT_ID) values (36,24);
Insert into TEACHER.ITEM_INGRED (ITEM_ITEM_ID,INGREDIENT_INGREDIENT_ID) values (37,25);
Insert into TEACHER.ITEM_INGRED (ITEM_ITEM_ID,INGREDIENT_INGREDIENT_ID) values (38,26);
Insert into TEACHER.ITEM_INGRED (ITEM_ITEM_ID,INGREDIENT_INGREDIENT_ID) values (39,27);
Insert into TEACHER.ITEM_INGRED (ITEM_ITEM_ID,INGREDIENT_INGREDIENT_ID) values (40,28);
Insert into TEACHER.ITEM_INGRED (ITEM_ITEM_ID,INGREDIENT_INGREDIENT_ID) values (41,29);
Insert into TEACHER.ITEM_INGRED (ITEM_ITEM_ID,INGREDIENT_INGREDIENT_ID) values (42,30);
REM INSERTING into TEACHER.PAYMENT
SET DEFINE OFF;
Insert into TEACHER.PAYMENT (AMOUNT,"Date",TABLEORDER_TABLEORDER_ID) values (22.35,to_date('11-NOV-17','DD-MON-RR'),68);
Insert into TEACHER.PAYMENT (AMOUNT,"Date",TABLEORDER_TABLEORDER_ID) values (21.37,to_date('11-NOV-17','DD-MON-RR'),69);
Insert into TEACHER.PAYMENT (AMOUNT,"Date",TABLEORDER_TABLEORDER_ID) values (53.37,to_date('11-NOV-17','DD-MON-RR'),70);
Insert into TEACHER.PAYMENT (AMOUNT,"Date",TABLEORDER_TABLEORDER_ID) values (44.21,to_date('15-NOV-17','DD-MON-RR'),71);
Insert into TEACHER.PAYMENT (AMOUNT,"Date",TABLEORDER_TABLEORDER_ID) values (12.99,to_date('16-NOV-17','DD-MON-RR'),72);
Insert into TEACHER.PAYMENT (AMOUNT,"Date",TABLEORDER_TABLEORDER_ID) values (22.45,to_date('17-NOV-17','DD-MON-RR'),73);
Insert into TEACHER.PAYMENT (AMOUNT,"Date",TABLEORDER_TABLEORDER_ID) values (91.87,to_date('18-NOV-17','DD-MON-RR'),74);
Insert into TEACHER.PAYMENT (AMOUNT,"Date",TABLEORDER_TABLEORDER_ID) values (56.22,to_date('19-NOV-17','DD-MON-RR'),75);
Insert into TEACHER.PAYMENT (AMOUNT,"Date",TABLEORDER_TABLEORDER_ID) values (99.52,to_date('20-NOV-17','DD-MON-RR'),76);
Insert into TEACHER.PAYMENT (AMOUNT,"Date",TABLEORDER_TABLEORDER_ID) values (46.91,to_date('21-NOV-17','DD-MON-RR'),77);
Insert into TEACHER.PAYMENT (AMOUNT,"Date",TABLEORDER_TABLEORDER_ID) values (83.35,to_date('22-NOV-17','DD-MON-RR'),78);
Insert into TEACHER.PAYMENT (AMOUNT,"Date",TABLEORDER_TABLEORDER_ID) values (57.71,to_date('23-NOV-17','DD-MON-RR'),79);
Insert into TEACHER.PAYMENT (AMOUNT,"Date",TABLEORDER_TABLEORDER_ID) values (64.1,to_date('24-NOV-17','DD-MON-RR'),80);
Insert into TEACHER.PAYMENT (AMOUNT,"Date",TABLEORDER_TABLEORDER_ID) values (32.53,to_date('25-NOV-17','DD-MON-RR'),81);
Insert into TEACHER.PAYMENT (AMOUNT,"Date",TABLEORDER_TABLEORDER_ID) values (22.29,to_date('26-NOV-17','DD-MON-RR'),82);
Insert into TEACHER.PAYMENT (AMOUNT,"Date",TABLEORDER_TABLEORDER_ID) values (12.47,to_date('27-NOV-17','DD-MON-RR'),83);
Insert into TEACHER.PAYMENT (AMOUNT,"Date",TABLEORDER_TABLEORDER_ID) values (32.24,to_date('28-NOV-17','DD-MON-RR'),84);
Insert into TEACHER.PAYMENT (AMOUNT,"Date",TABLEORDER_TABLEORDER_ID) values (97.95,to_date('29-NOV-17','DD-MON-RR'),85);
Insert into TEACHER.PAYMENT (AMOUNT,"Date",TABLEORDER_TABLEORDER_ID) values (3.99,to_date('30-NOV-17','DD-MON-RR'),86);
Insert into TEACHER.PAYMENT (AMOUNT,"Date",TABLEORDER_TABLEORDER_ID) values (87.34,to_date('01-DEC-17','DD-MON-RR'),87);
Insert into TEACHER.PAYMENT (AMOUNT,"Date",TABLEORDER_TABLEORDER_ID) values (47.28,to_date('02-DEC-17','DD-MON-RR'),88);
Insert into TEACHER.PAYMENT (AMOUNT,"Date",TABLEORDER_TABLEORDER_ID) values (94.71,to_date('03-DEC-17','DD-MON-RR'),89);
Insert into TEACHER.PAYMENT (AMOUNT,"Date",TABLEORDER_TABLEORDER_ID) values (23.33,to_date('04-DEC-17','DD-MON-RR'),90);
Insert into TEACHER.PAYMENT (AMOUNT,"Date",TABLEORDER_TABLEORDER_ID) values (52.17,to_date('05-DEC-17','DD-MON-RR'),91);
Insert into TEACHER.PAYMENT (AMOUNT,"Date",TABLEORDER_TABLEORDER_ID) values (18.69,to_date('06-DEC-17','DD-MON-RR'),92);
Insert into TEACHER.PAYMENT (AMOUNT,"Date",TABLEORDER_TABLEORDER_ID) values (87.41,to_date('07-DEC-17','DD-MON-RR'),93);
Insert into TEACHER.PAYMENT (AMOUNT,"Date",TABLEORDER_TABLEORDER_ID) values (57.58,to_date('08-DEC-17','DD-MON-RR'),94);
Insert into TEACHER.PAYMENT (AMOUNT,"Date",TABLEORDER_TABLEORDER_ID) values (97.19,to_date('09-DEC-17','DD-MON-RR'),95);
Insert into TEACHER.PAYMENT (AMOUNT,"Date",TABLEORDER_TABLEORDER_ID) values (95.97,to_date('10-DEC-17','DD-MON-RR'),96);
Insert into TEACHER.PAYMENT (AMOUNT,"Date",TABLEORDER_TABLEORDER_ID) values (46.85,to_date('11-DEC-17','DD-MON-RR'),97);
REM INSERTING into TEACHER.PLATE
SET DEFINE OFF;
Insert into TEACHER.PLATE (PLATE_ID) values (1);
Insert into TEACHER.PLATE (PLATE_ID) values (2);
Insert into TEACHER.PLATE (PLATE_ID) values (3);
Insert into TEACHER.PLATE (PLATE_ID) values (4);
Insert into TEACHER.PLATE (PLATE_ID) values (5);
Insert into TEACHER.PLATE (PLATE_ID) values (6);
Insert into TEACHER.PLATE (PLATE_ID) values (7);
Insert into TEACHER.PLATE (PLATE_ID) values (8);
Insert into TEACHER.PLATE (PLATE_ID) values (9);
Insert into TEACHER.PLATE (PLATE_ID) values (10);
Insert into TEACHER.PLATE (PLATE_ID) values (11);
Insert into TEACHER.PLATE (PLATE_ID) values (12);
Insert into TEACHER.PLATE (PLATE_ID) values (13);
Insert into TEACHER.PLATE (PLATE_ID) values (14);
Insert into TEACHER.PLATE (PLATE_ID) values (15);
Insert into TEACHER.PLATE (PLATE_ID) values (16);
Insert into TEACHER.PLATE (PLATE_ID) values (17);
Insert into TEACHER.PLATE (PLATE_ID) values (18);
Insert into TEACHER.PLATE (PLATE_ID) values (19);
Insert into TEACHER.PLATE (PLATE_ID) values (20);
Insert into TEACHER.PLATE (PLATE_ID) values (21);
Insert into TEACHER.PLATE (PLATE_ID) values (22);
Insert into TEACHER.PLATE (PLATE_ID) values (23);
Insert into TEACHER.PLATE (PLATE_ID) values (24);
Insert into TEACHER.PLATE (PLATE_ID) values (25);
Insert into TEACHER.PLATE (PLATE_ID) values (26);
Insert into TEACHER.PLATE (PLATE_ID) values (27);
Insert into TEACHER.PLATE (PLATE_ID) values (28);
Insert into TEACHER.PLATE (PLATE_ID) values (29);
Insert into TEACHER.PLATE (PLATE_ID) values (30);
REM INSERTING into TEACHER.PLATE_ITEM
SET DEFINE OFF;
Insert into TEACHER.PLATE_ITEM (PLATE_PLATE_ID,ITEM_ITEM_ID) values (4,13);
Insert into TEACHER.PLATE_ITEM (PLATE_PLATE_ID,ITEM_ITEM_ID) values (5,14);
Insert into TEACHER.PLATE_ITEM (PLATE_PLATE_ID,ITEM_ITEM_ID) values (6,15);
Insert into TEACHER.PLATE_ITEM (PLATE_PLATE_ID,ITEM_ITEM_ID) values (1,16);
Insert into TEACHER.PLATE_ITEM (PLATE_PLATE_ID,ITEM_ITEM_ID) values (2,17);
Insert into TEACHER.PLATE_ITEM (PLATE_PLATE_ID,ITEM_ITEM_ID) values (3,18);
Insert into TEACHER.PLATE_ITEM (PLATE_PLATE_ID,ITEM_ITEM_ID) values (7,19);
Insert into TEACHER.PLATE_ITEM (PLATE_PLATE_ID,ITEM_ITEM_ID) values (8,20);
Insert into TEACHER.PLATE_ITEM (PLATE_PLATE_ID,ITEM_ITEM_ID) values (9,21);
Insert into TEACHER.PLATE_ITEM (PLATE_PLATE_ID,ITEM_ITEM_ID) values (10,22);
Insert into TEACHER.PLATE_ITEM (PLATE_PLATE_ID,ITEM_ITEM_ID) values (11,23);
Insert into TEACHER.PLATE_ITEM (PLATE_PLATE_ID,ITEM_ITEM_ID) values (12,24);
Insert into TEACHER.PLATE_ITEM (PLATE_PLATE_ID,ITEM_ITEM_ID) values (13,25);
Insert into TEACHER.PLATE_ITEM (PLATE_PLATE_ID,ITEM_ITEM_ID) values (14,26);
Insert into TEACHER.PLATE_ITEM (PLATE_PLATE_ID,ITEM_ITEM_ID) values (15,27);
Insert into TEACHER.PLATE_ITEM (PLATE_PLATE_ID,ITEM_ITEM_ID) values (16,28);
Insert into TEACHER.PLATE_ITEM (PLATE_PLATE_ID,ITEM_ITEM_ID) values (17,29);
Insert into TEACHER.PLATE_ITEM (PLATE_PLATE_ID,ITEM_ITEM_ID) values (18,30);
Insert into TEACHER.PLATE_ITEM (PLATE_PLATE_ID,ITEM_ITEM_ID) values (19,31);
Insert into TEACHER.PLATE_ITEM (PLATE_PLATE_ID,ITEM_ITEM_ID) values (20,32);
Insert into TEACHER.PLATE_ITEM (PLATE_PLATE_ID,ITEM_ITEM_ID) values (21,33);
Insert into TEACHER.PLATE_ITEM (PLATE_PLATE_ID,ITEM_ITEM_ID) values (22,34);
Insert into TEACHER.PLATE_ITEM (PLATE_PLATE_ID,ITEM_ITEM_ID) values (23,35);
Insert into TEACHER.PLATE_ITEM (PLATE_PLATE_ID,ITEM_ITEM_ID) values (24,36);
Insert into TEACHER.PLATE_ITEM (PLATE_PLATE_ID,ITEM_ITEM_ID) values (25,37);
Insert into TEACHER.PLATE_ITEM (PLATE_PLATE_ID,ITEM_ITEM_ID) values (26,38);
Insert into TEACHER.PLATE_ITEM (PLATE_PLATE_ID,ITEM_ITEM_ID) values (27,39);
Insert into TEACHER.PLATE_ITEM (PLATE_PLATE_ID,ITEM_ITEM_ID) values (28,40);
Insert into TEACHER.PLATE_ITEM (PLATE_PLATE_ID,ITEM_ITEM_ID) values (29,41);
Insert into TEACHER.PLATE_ITEM (PLATE_PLATE_ID,ITEM_ITEM_ID) values (30,42);
REM INSERTING into TEACHER.SPOILAGE
SET DEFINE OFF;
Insert into TEACHER.SPOILAGE (SHELFLIFE,DISPOSALTYPE,REUSECODE,INGREDIENT_INGREDIENT_ID) values (15,'E ',1,1);
Insert into TEACHER.SPOILAGE (SHELFLIFE,DISPOSALTYPE,REUSECODE,INGREDIENT_INGREDIENT_ID) values (10,'T ',0,2);
Insert into TEACHER.SPOILAGE (SHELFLIFE,DISPOSALTYPE,REUSECODE,INGREDIENT_INGREDIENT_ID) values (25,'R ',0,3);
Insert into TEACHER.SPOILAGE (SHELFLIFE,DISPOSALTYPE,REUSECODE,INGREDIENT_INGREDIENT_ID) values (45,'E ',0,4);
Insert into TEACHER.SPOILAGE (SHELFLIFE,DISPOSALTYPE,REUSECODE,INGREDIENT_INGREDIENT_ID) values (90,'T ',1,5);
Insert into TEACHER.SPOILAGE (SHELFLIFE,DISPOSALTYPE,REUSECODE,INGREDIENT_INGREDIENT_ID) values (365,'R ',0,6);
Insert into TEACHER.SPOILAGE (SHELFLIFE,DISPOSALTYPE,REUSECODE,INGREDIENT_INGREDIENT_ID) values (10,'E ',1,7);
Insert into TEACHER.SPOILAGE (SHELFLIFE,DISPOSALTYPE,REUSECODE,INGREDIENT_INGREDIENT_ID) values (20,'T ',1,8);
Insert into TEACHER.SPOILAGE (SHELFLIFE,DISPOSALTYPE,REUSECODE,INGREDIENT_INGREDIENT_ID) values (90,'R ',0,9);
Insert into TEACHER.SPOILAGE (SHELFLIFE,DISPOSALTYPE,REUSECODE,INGREDIENT_INGREDIENT_ID) values (45,'E ',1,10);
Insert into TEACHER.SPOILAGE (SHELFLIFE,DISPOSALTYPE,REUSECODE,INGREDIENT_INGREDIENT_ID) values (90,'T ',0,11);
Insert into TEACHER.SPOILAGE (SHELFLIFE,DISPOSALTYPE,REUSECODE,INGREDIENT_INGREDIENT_ID) values (45,'R ',1,12);
Insert into TEACHER.SPOILAGE (SHELFLIFE,DISPOSALTYPE,REUSECODE,INGREDIENT_INGREDIENT_ID) values (60,'E ',0,13);
Insert into TEACHER.SPOILAGE (SHELFLIFE,DISPOSALTYPE,REUSECODE,INGREDIENT_INGREDIENT_ID) values (15,'T ',0,14);
Insert into TEACHER.SPOILAGE (SHELFLIFE,DISPOSALTYPE,REUSECODE,INGREDIENT_INGREDIENT_ID) values (25,'R ',1,15);
Insert into TEACHER.SPOILAGE (SHELFLIFE,DISPOSALTYPE,REUSECODE,INGREDIENT_INGREDIENT_ID) values (45,'E ',1,16);
Insert into TEACHER.SPOILAGE (SHELFLIFE,DISPOSALTYPE,REUSECODE,INGREDIENT_INGREDIENT_ID) values (90,'T ',1,17);
Insert into TEACHER.SPOILAGE (SHELFLIFE,DISPOSALTYPE,REUSECODE,INGREDIENT_INGREDIENT_ID) values (365,'R ',0,18);
Insert into TEACHER.SPOILAGE (SHELFLIFE,DISPOSALTYPE,REUSECODE,INGREDIENT_INGREDIENT_ID) values (10,'E ',0,19);
Insert into TEACHER.SPOILAGE (SHELFLIFE,DISPOSALTYPE,REUSECODE,INGREDIENT_INGREDIENT_ID) values (365,'T ',0,20);
Insert into TEACHER.SPOILAGE (SHELFLIFE,DISPOSALTYPE,REUSECODE,INGREDIENT_INGREDIENT_ID) values (10,'R ',1,21);
Insert into TEACHER.SPOILAGE (SHELFLIFE,DISPOSALTYPE,REUSECODE,INGREDIENT_INGREDIENT_ID) values (20,'E ',1,22);
Insert into TEACHER.SPOILAGE (SHELFLIFE,DISPOSALTYPE,REUSECODE,INGREDIENT_INGREDIENT_ID) values (90,'T ',0,23);
Insert into TEACHER.SPOILAGE (SHELFLIFE,DISPOSALTYPE,REUSECODE,INGREDIENT_INGREDIENT_ID) values (45,'R ',0,24);
Insert into TEACHER.SPOILAGE (SHELFLIFE,DISPOSALTYPE,REUSECODE,INGREDIENT_INGREDIENT_ID) values (90,'E ',1,25);
Insert into TEACHER.SPOILAGE (SHELFLIFE,DISPOSALTYPE,REUSECODE,INGREDIENT_INGREDIENT_ID) values (25,'T ',1,26);
Insert into TEACHER.SPOILAGE (SHELFLIFE,DISPOSALTYPE,REUSECODE,INGREDIENT_INGREDIENT_ID) values (45,'R ',1,27);
Insert into TEACHER.SPOILAGE (SHELFLIFE,DISPOSALTYPE,REUSECODE,INGREDIENT_INGREDIENT_ID) values (90,'E ',1,28);
Insert into TEACHER.SPOILAGE (SHELFLIFE,DISPOSALTYPE,REUSECODE,INGREDIENT_INGREDIENT_ID) values (365,'T ',1,29);
Insert into TEACHER.SPOILAGE (SHELFLIFE,DISPOSALTYPE,REUSECODE,INGREDIENT_INGREDIENT_ID) values (10,'R ',1,30);
REM INSERTING into TEACHER.STORAGE
SET DEFINE OFF;
Insert into TEACHER.STORAGE (TYPE,DAYIN,DAYOUT,QUANTITY,INGREDIENT_INGREDIENT_ID) values ('SHELF          ',to_date('21-NOV-17','DD-MON-RR'),null,10,1);
Insert into TEACHER.STORAGE (TYPE,DAYIN,DAYOUT,QUANTITY,INGREDIENT_INGREDIENT_ID) values ('SHELF          ',to_date('23-NOV-17','DD-MON-RR'),null,12,2);
Insert into TEACHER.STORAGE (TYPE,DAYIN,DAYOUT,QUANTITY,INGREDIENT_INGREDIENT_ID) values ('SHELF          ',to_date('25-NOV-17','DD-MON-RR'),null,14,3);
Insert into TEACHER.STORAGE (TYPE,DAYIN,DAYOUT,QUANTITY,INGREDIENT_INGREDIENT_ID) values ('FREEZER        ',to_date('01-DEC-17','DD-MON-RR'),null,16,4);
Insert into TEACHER.STORAGE (TYPE,DAYIN,DAYOUT,QUANTITY,INGREDIENT_INGREDIENT_ID) values ('FREEZER        ',to_date('04-DEC-17','DD-MON-RR'),null,18,5);
Insert into TEACHER.STORAGE (TYPE,DAYIN,DAYOUT,QUANTITY,INGREDIENT_INGREDIENT_ID) values ('FREEZER        ',to_date('07-DEC-17','DD-MON-RR'),null,20,6);
Insert into TEACHER.STORAGE (TYPE,DAYIN,DAYOUT,QUANTITY,INGREDIENT_INGREDIENT_ID) values ('REFER          ',to_date('10-DEC-17','DD-MON-RR'),null,22,7);
Insert into TEACHER.STORAGE (TYPE,DAYIN,DAYOUT,QUANTITY,INGREDIENT_INGREDIENT_ID) values ('REFER          ',to_date('13-DEC-17','DD-MON-RR'),null,24,8);
Insert into TEACHER.STORAGE (TYPE,DAYIN,DAYOUT,QUANTITY,INGREDIENT_INGREDIENT_ID) values ('REFER          ',to_date('16-DEC-17','DD-MON-RR'),null,26,9);
Insert into TEACHER.STORAGE (TYPE,DAYIN,DAYOUT,QUANTITY,INGREDIENT_INGREDIENT_ID) values ('SHELF          ',to_date('19-DEC-17','DD-MON-RR'),null,28,10);
Insert into TEACHER.STORAGE (TYPE,DAYIN,DAYOUT,QUANTITY,INGREDIENT_INGREDIENT_ID) values ('SHELF          ',to_date('22-DEC-17','DD-MON-RR'),null,30,11);
Insert into TEACHER.STORAGE (TYPE,DAYIN,DAYOUT,QUANTITY,INGREDIENT_INGREDIENT_ID) values ('SHELF          ',to_date('25-DEC-17','DD-MON-RR'),null,32,12);
Insert into TEACHER.STORAGE (TYPE,DAYIN,DAYOUT,QUANTITY,INGREDIENT_INGREDIENT_ID) values ('FREEZER        ',to_date('28-DEC-17','DD-MON-RR'),null,34,13);
Insert into TEACHER.STORAGE (TYPE,DAYIN,DAYOUT,QUANTITY,INGREDIENT_INGREDIENT_ID) values ('REFER          ',to_date('31-DEC-17','DD-MON-RR'),null,36,14);
Insert into TEACHER.STORAGE (TYPE,DAYIN,DAYOUT,QUANTITY,INGREDIENT_INGREDIENT_ID) values ('REFER          ',to_date('03-JAN-18','DD-MON-RR'),null,38,15);
Insert into TEACHER.STORAGE (TYPE,DAYIN,DAYOUT,QUANTITY,INGREDIENT_INGREDIENT_ID) values ('REFER          ',to_date('06-JAN-18','DD-MON-RR'),null,40,16);
Insert into TEACHER.STORAGE (TYPE,DAYIN,DAYOUT,QUANTITY,INGREDIENT_INGREDIENT_ID) values ('SHELF          ',to_date('09-JAN-18','DD-MON-RR'),null,42,17);
Insert into TEACHER.STORAGE (TYPE,DAYIN,DAYOUT,QUANTITY,INGREDIENT_INGREDIENT_ID) values ('SHELF          ',to_date('12-JAN-18','DD-MON-RR'),null,44,18);
Insert into TEACHER.STORAGE (TYPE,DAYIN,DAYOUT,QUANTITY,INGREDIENT_INGREDIENT_ID) values ('SHELF          ',to_date('15-JAN-18','DD-MON-RR'),null,46,19);
Insert into TEACHER.STORAGE (TYPE,DAYIN,DAYOUT,QUANTITY,INGREDIENT_INGREDIENT_ID) values ('SHELF          ',to_date('18-JAN-18','DD-MON-RR'),null,48,20);
Insert into TEACHER.STORAGE (TYPE,DAYIN,DAYOUT,QUANTITY,INGREDIENT_INGREDIENT_ID) values ('SHELF          ',to_date('21-JAN-18','DD-MON-RR'),null,50,21);
Insert into TEACHER.STORAGE (TYPE,DAYIN,DAYOUT,QUANTITY,INGREDIENT_INGREDIENT_ID) values ('REFER          ',to_date('24-JAN-18','DD-MON-RR'),null,52,22);
Insert into TEACHER.STORAGE (TYPE,DAYIN,DAYOUT,QUANTITY,INGREDIENT_INGREDIENT_ID) values ('REFER          ',to_date('27-JAN-18','DD-MON-RR'),null,54,23);
Insert into TEACHER.STORAGE (TYPE,DAYIN,DAYOUT,QUANTITY,INGREDIENT_INGREDIENT_ID) values ('SHELF          ',to_date('30-JAN-18','DD-MON-RR'),null,56,24);
Insert into TEACHER.STORAGE (TYPE,DAYIN,DAYOUT,QUANTITY,INGREDIENT_INGREDIENT_ID) values ('SHELF          ',to_date('02-FEB-18','DD-MON-RR'),null,58,25);
Insert into TEACHER.STORAGE (TYPE,DAYIN,DAYOUT,QUANTITY,INGREDIENT_INGREDIENT_ID) values ('SHELF          ',to_date('05-FEB-18','DD-MON-RR'),null,60,26);
Insert into TEACHER.STORAGE (TYPE,DAYIN,DAYOUT,QUANTITY,INGREDIENT_INGREDIENT_ID) values ('FREEZER        ',to_date('08-FEB-18','DD-MON-RR'),null,62,27);
Insert into TEACHER.STORAGE (TYPE,DAYIN,DAYOUT,QUANTITY,INGREDIENT_INGREDIENT_ID) values ('REFER          ',to_date('11-FEB-18','DD-MON-RR'),null,64,28);
Insert into TEACHER.STORAGE (TYPE,DAYIN,DAYOUT,QUANTITY,INGREDIENT_INGREDIENT_ID) values ('REFER          ',to_date('14-FEB-18','DD-MON-RR'),null,66,29);
Insert into TEACHER.STORAGE (TYPE,DAYIN,DAYOUT,QUANTITY,INGREDIENT_INGREDIENT_ID) values ('FREEZER        ',to_date('17-FEB-18','DD-MON-RR'),null,68,30);
REM INSERTING into TEACHER.TABLEORDER
SET DEFINE OFF;
Insert into TEACHER.TABLEORDER (TABLEORDER_ID,BILL) values (68,22.15);
Insert into TEACHER.TABLEORDER (TABLEORDER_ID,BILL) values (69,56.25);
Insert into TEACHER.TABLEORDER (TABLEORDER_ID,BILL) values (70,84.21);
Insert into TEACHER.TABLEORDER (TABLEORDER_ID,BILL) values (71,45.25);
Insert into TEACHER.TABLEORDER (TABLEORDER_ID,BILL) values (72,37.23);
Insert into TEACHER.TABLEORDER (TABLEORDER_ID,BILL) values (73,12.36);
Insert into TEACHER.TABLEORDER (TABLEORDER_ID,BILL) values (74,19.25);
Insert into TEACHER.TABLEORDER (TABLEORDER_ID,BILL) values (75,16.58);
Insert into TEACHER.TABLEORDER (TABLEORDER_ID,BILL) values (76,32.98);
Insert into TEACHER.TABLEORDER (TABLEORDER_ID,BILL) values (77,16.54);
Insert into TEACHER.TABLEORDER (TABLEORDER_ID,BILL) values (78,34.12);
Insert into TEACHER.TABLEORDER (TABLEORDER_ID,BILL) values (79,37.99);
Insert into TEACHER.TABLEORDER (TABLEORDER_ID,BILL) values (80,15.23);
Insert into TEACHER.TABLEORDER (TABLEORDER_ID,BILL) values (81,21.12);
Insert into TEACHER.TABLEORDER (TABLEORDER_ID,BILL) values (82,16.87);
Insert into TEACHER.TABLEORDER (TABLEORDER_ID,BILL) values (83,38.41);
Insert into TEACHER.TABLEORDER (TABLEORDER_ID,BILL) values (84,23.12);
Insert into TEACHER.TABLEORDER (TABLEORDER_ID,BILL) values (85,9.78);
Insert into TEACHER.TABLEORDER (TABLEORDER_ID,BILL) values (86,7.65);
Insert into TEACHER.TABLEORDER (TABLEORDER_ID,BILL) values (87,41.23);
Insert into TEACHER.TABLEORDER (TABLEORDER_ID,BILL) values (88,45.22);
Insert into TEACHER.TABLEORDER (TABLEORDER_ID,BILL) values (89,37.18);
Insert into TEACHER.TABLEORDER (TABLEORDER_ID,BILL) values (90,36.97);
Insert into TEACHER.TABLEORDER (TABLEORDER_ID,BILL) values (91,18.81);
Insert into TEACHER.TABLEORDER (TABLEORDER_ID,BILL) values (92,52.33);
Insert into TEACHER.TABLEORDER (TABLEORDER_ID,BILL) values (93,20.66);
Insert into TEACHER.TABLEORDER (TABLEORDER_ID,BILL) values (94,28.45);
Insert into TEACHER.TABLEORDER (TABLEORDER_ID,BILL) values (95,52.95);
Insert into TEACHER.TABLEORDER (TABLEORDER_ID,BILL) values (96,13.99);
Insert into TEACHER.TABLEORDER (TABLEORDER_ID,BILL) values (97,32.65);
REM INSERTING into TEACHER.TABLE_PLATE
SET DEFINE OFF;
Insert into TEACHER.TABLE_PLATE (TABLEORDER_TABLEORDER_ID,PLATE_PLATE_ID) values (68,4);
Insert into TEACHER.TABLE_PLATE (TABLEORDER_TABLEORDER_ID,PLATE_PLATE_ID) values (69,5);
Insert into TEACHER.TABLE_PLATE (TABLEORDER_TABLEORDER_ID,PLATE_PLATE_ID) values (70,6);
Insert into TEACHER.TABLE_PLATE (TABLEORDER_TABLEORDER_ID,PLATE_PLATE_ID) values (71,1);
Insert into TEACHER.TABLE_PLATE (TABLEORDER_TABLEORDER_ID,PLATE_PLATE_ID) values (72,2);
Insert into TEACHER.TABLE_PLATE (TABLEORDER_TABLEORDER_ID,PLATE_PLATE_ID) values (73,3);
Insert into TEACHER.TABLE_PLATE (TABLEORDER_TABLEORDER_ID,PLATE_PLATE_ID) values (74,7);
Insert into TEACHER.TABLE_PLATE (TABLEORDER_TABLEORDER_ID,PLATE_PLATE_ID) values (75,8);
Insert into TEACHER.TABLE_PLATE (TABLEORDER_TABLEORDER_ID,PLATE_PLATE_ID) values (76,9);
Insert into TEACHER.TABLE_PLATE (TABLEORDER_TABLEORDER_ID,PLATE_PLATE_ID) values (77,10);
Insert into TEACHER.TABLE_PLATE (TABLEORDER_TABLEORDER_ID,PLATE_PLATE_ID) values (78,11);
Insert into TEACHER.TABLE_PLATE (TABLEORDER_TABLEORDER_ID,PLATE_PLATE_ID) values (79,12);
Insert into TEACHER.TABLE_PLATE (TABLEORDER_TABLEORDER_ID,PLATE_PLATE_ID) values (80,13);
Insert into TEACHER.TABLE_PLATE (TABLEORDER_TABLEORDER_ID,PLATE_PLATE_ID) values (81,14);
Insert into TEACHER.TABLE_PLATE (TABLEORDER_TABLEORDER_ID,PLATE_PLATE_ID) values (82,15);
Insert into TEACHER.TABLE_PLATE (TABLEORDER_TABLEORDER_ID,PLATE_PLATE_ID) values (83,16);
Insert into TEACHER.TABLE_PLATE (TABLEORDER_TABLEORDER_ID,PLATE_PLATE_ID) values (84,17);
Insert into TEACHER.TABLE_PLATE (TABLEORDER_TABLEORDER_ID,PLATE_PLATE_ID) values (85,18);
Insert into TEACHER.TABLE_PLATE (TABLEORDER_TABLEORDER_ID,PLATE_PLATE_ID) values (86,19);
Insert into TEACHER.TABLE_PLATE (TABLEORDER_TABLEORDER_ID,PLATE_PLATE_ID) values (87,20);
Insert into TEACHER.TABLE_PLATE (TABLEORDER_TABLEORDER_ID,PLATE_PLATE_ID) values (88,21);
Insert into TEACHER.TABLE_PLATE (TABLEORDER_TABLEORDER_ID,PLATE_PLATE_ID) values (89,22);
Insert into TEACHER.TABLE_PLATE (TABLEORDER_TABLEORDER_ID,PLATE_PLATE_ID) values (90,23);
Insert into TEACHER.TABLE_PLATE (TABLEORDER_TABLEORDER_ID,PLATE_PLATE_ID) values (91,24);
Insert into TEACHER.TABLE_PLATE (TABLEORDER_TABLEORDER_ID,PLATE_PLATE_ID) values (92,25);
Insert into TEACHER.TABLE_PLATE (TABLEORDER_TABLEORDER_ID,PLATE_PLATE_ID) values (93,26);
Insert into TEACHER.TABLE_PLATE (TABLEORDER_TABLEORDER_ID,PLATE_PLATE_ID) values (94,27);
Insert into TEACHER.TABLE_PLATE (TABLEORDER_TABLEORDER_ID,PLATE_PLATE_ID) values (95,28);
Insert into TEACHER.TABLE_PLATE (TABLEORDER_TABLEORDER_ID,PLATE_PLATE_ID) values (96,29);
Insert into TEACHER.TABLE_PLATE (TABLEORDER_TABLEORDER_ID,PLATE_PLATE_ID) values (97,30);
REM INSERTING into TEACHER.VENDOR
SET DEFINE OFF;
Insert into TEACHER.VENDOR (VENDOR_ID,NAME,PHONE,ADDRESS,CITY,STATE,ZIP,EMAIL,WEBSITE,POC) values (10001,'Casita                                  ','8585551212','3020 Beardsley Dr             ','San Diego           ','CA','92126','casita@vendor.com','www.vendorcasita.com','Dawn Desrosiers     ');
Insert into TEACHER.VENDOR (VENDOR_ID,NAME,PHONE,ADDRESS,CITY,STATE,ZIP,EMAIL,WEBSITE,POC) values (10002,'Los Reyes                               ','8585553023','3912 Faunsdale Dr             ','San Diego           ','CA','92128','losreyes@vendor.com','www.vendorloesreyes.com','Lupita Reyes        ');
Insert into TEACHER.VENDOR (VENDOR_ID,NAME,PHONE,ADDRESS,CITY,STATE,ZIP,EMAIL,WEBSITE,POC) values (10003,'Tortilla Factory                        ','8585557542','105016 Cam. Baywood           ','Mira Mesa           ','CA','92016','tf@vendor.com','www.tortfactory.com','Kelly Campos        ');
Insert into TEACHER.VENDOR (VENDOR_ID,NAME,PHONE,ADDRESS,CITY,STATE,ZIP,EMAIL,WEBSITE,POC) values (10004,'Salsa Vende                             ','8585554664','11410 Front St                ','San Diego           ','CA','92182','salsavende@vendor.com','www.salsavende.com','Raymon Sanchez      ');
Insert into TEACHER.VENDOR (VENDOR_ID,NAME,PHONE,ADDRESS,CITY,STATE,ZIP,EMAIL,WEBSITE,POC) values (10005,'Salsa Chilena                           ','6095559173','16479 Bernardo Center Dr,     ','Rancho Bernardo     ','CA','92128','chilena@vendor.com','www.vendorchilena.com','Patricia Zavala     ');
Insert into TEACHER.VENDOR (VENDOR_ID,NAME,PHONE,ADDRESS,CITY,STATE,ZIP,EMAIL,WEBSITE,POC) values (10006,'Baja Produce                            ','6192330772','1886 Newton Ave.              ','San Diego           ','CA','92113',' bajaproduce@gmail.com','www.bajaproduce.com','George Hanzas       ');
Insert into TEACHER.VENDOR (VENDOR_ID,NAME,PHONE,ADDRESS,CITY,STATE,ZIP,EMAIL,WEBSITE,POC) values (10007,'Specialty Produce                       ','6192953172','1929 Hancock St. Suite 150    ','San Diego           ','CA','92138','info@specialtyproduce.com','www.specialtyproduce.com','Diego Lechuga       ');
Insert into TEACHER.VENDOR (VENDOR_ID,NAME,PHONE,ADDRESS,CITY,STATE,ZIP,EMAIL,WEBSITE,POC) values (10008,'Napoli Farm                             ','6198406277','3714 Dwight St                ','San Diego           ','CA','92105','anthony@napolifarms.com','www.napolifarms.com','Anthony Napoli      ');
Insert into TEACHER.VENDOR (VENDOR_ID,NAME,PHONE,ADDRESS,CITY,STATE,ZIP,EMAIL,WEBSITE,POC) values (10009,'Restaurant Depot                        ','6192330200','1335 Cesar E. Chavez Pkwy     ','San Diego           ','CA','92113','redepot@vendor.com','www.rdepot.com','Richard Delano      ');
Insert into TEACHER.VENDOR (VENDOR_ID,NAME,PHONE,ADDRESS,CITY,STATE,ZIP,EMAIL,WEBSITE,POC) values (10010,'La Mexicana                             ','6196618000','8595 Avenida Costa Sur        ','San Diego           ','CA','92154','andrea@lamexicana.us','www.lamexicanastore.us','Andrea Galindo      ');
Insert into TEACHER.VENDOR (VENDOR_ID,NAME,PHONE,ADDRESS,CITY,STATE,ZIP,EMAIL,WEBSITE,POC) values (10011,'Continental EJ Foods                    ','6192651100','4744 Old Cliffs Rd            ','San Diego           ','CA','92120','customerservice@cejfoods.com','www.cejfoods.com','Bernadette Torrez   ');
Insert into TEACHER.VENDOR (VENDOR_ID,NAME,PHONE,ADDRESS,CITY,STATE,ZIP,EMAIL,WEBSITE,POC) values (10012,'Bulk Products                           ','6193874024',null,'San Diego           ','CA','92126','redepot@vendor.com',null,'Jakie Tee           ');
Insert into TEACHER.VENDOR (VENDOR_ID,NAME,PHONE,ADDRESS,CITY,STATE,ZIP,EMAIL,WEBSITE,POC) values (10013,'EZ Supply                               ','6193634781',null,'San Diego           ','CA','92128','ezsupply@vendor.com',null,'Charles Windom      ');
Insert into TEACHER.VENDOR (VENDOR_ID,NAME,PHONE,ADDRESS,CITY,STATE,ZIP,EMAIL,WEBSITE,POC) values (10014,'Reorder Value                           ','6193395539',null,'San Diego           ','CA','92126','RV@vendor.com',null,'Mike Venti          ');
Insert into TEACHER.VENDOR (VENDOR_ID,NAME,PHONE,ADDRESS,CITY,STATE,ZIP,EMAIL,WEBSITE,POC) values (10015,'Shopper Inc.                            ','6193156297',null,'San Diego           ','CA','92128','ShopperInc@vendor.com',null,'Carlos Pera         ');
Insert into TEACHER.VENDOR (VENDOR_ID,NAME,PHONE,ADDRESS,CITY,STATE,ZIP,EMAIL,WEBSITE,POC) values (10016,'SJ Foods                                ','6192917055',null,'San Diego           ','CA','92126','sjfoods@vendor.com',null,'Jame Diego          ');
Insert into TEACHER.VENDOR (VENDOR_ID,NAME,PHONE,ADDRESS,CITY,STATE,ZIP,EMAIL,WEBSITE,POC) values (10017,'Restaurant Supplies                     ','6192677813',null,'San Diego           ','CA','92128','RS@vendor.com',null,'Ana Elise           ');
Insert into TEACHER.VENDOR (VENDOR_ID,NAME,PHONE,ADDRESS,CITY,STATE,ZIP,EMAIL,WEBSITE,POC) values (10018,'Kitchen Ace                             ','6192438571',null,'San Diego           ','CA','92113','kithcenace@vendor.com',null,'Danny Cox           ');
Insert into TEACHER.VENDOR (VENDOR_ID,NAME,PHONE,ADDRESS,CITY,STATE,ZIP,EMAIL,WEBSITE,POC) values (10019,'Farm Fresh                              ','6192199329',null,'San Diego           ','CA','92154','FF@vendor.com',null,'Neal Pran           ');
Insert into TEACHER.VENDOR (VENDOR_ID,NAME,PHONE,ADDRESS,CITY,STATE,ZIP,EMAIL,WEBSITE,POC) values (10020,'KR Dairy                                ','6191960087',null,'San Diego           ','CA','92138','krd@vendor.com',null,'Una Vaca            ');
Insert into TEACHER.VENDOR (VENDOR_ID,NAME,PHONE,ADDRESS,CITY,STATE,ZIP,EMAIL,WEBSITE,POC) values (10021,'Tortilleria                             ','6191720845',null,'Rancho Bernardo     ','CA','92128','t@vendor.com',null,'Meade Masa          ');
Insert into TEACHER.VENDOR (VENDOR_ID,NAME,PHONE,ADDRESS,CITY,STATE,ZIP,EMAIL,WEBSITE,POC) values (10022,'Casa Luz                                ','6191481603',null,'San Diego           ','CA','92113','casaluz@vendor.com',null,'Lucy Anastacio      ');
Insert into TEACHER.VENDOR (VENDOR_ID,NAME,PHONE,ADDRESS,CITY,STATE,ZIP,EMAIL,WEBSITE,POC) values (10023,'Michoacán                              ','6191242360',null,'San Diego           ','CA','92138','michoacan@vendor.com',null,'AH Hernandez        ');
Insert into TEACHER.VENDOR (VENDOR_ID,NAME,PHONE,ADDRESS,CITY,STATE,ZIP,EMAIL,WEBSITE,POC) values (10024,'Eddies                                  ','6191003118',null,'San Diego           ','CA','92105','eddie1@vendor.com',null,'Eddie Medrano       ');
Insert into TEACHER.VENDOR (VENDOR_ID,NAME,PHONE,ADDRESS,CITY,STATE,ZIP,EMAIL,WEBSITE,POC) values (10025,'Madrid Delivery                         ','6190763876',null,'San Diego           ','CA','92113','mdelivery@vendor.com',null,'Eleazar Madrid      ');
Insert into TEACHER.VENDOR (VENDOR_ID,NAME,PHONE,ADDRESS,CITY,STATE,ZIP,EMAIL,WEBSITE,POC) values (10026,'Manuelito''s                             ','6190524634',null,'San Diego           ','CA','92154','miquelitos@vendor.com',null,'Mike Nicholson      ');
Insert into TEACHER.VENDOR (VENDOR_ID,NAME,PHONE,ADDRESS,CITY,STATE,ZIP,EMAIL,WEBSITE,POC) values (10027,'Cost Low                                ','6190285392',null,'San Diego           ','CA','92113','costlow@vendor.com',null,'Duane Weston        ');
Insert into TEACHER.VENDOR (VENDOR_ID,NAME,PHONE,ADDRESS,CITY,STATE,ZIP,EMAIL,WEBSITE,POC) values (10028,'Tavos                                   ','6190046150',null,'San Diego           ','CA','92138','tavos@vendor.com',null,'Tavo Basal          ');
Insert into TEACHER.VENDOR (VENDOR_ID,NAME,PHONE,ADDRESS,CITY,STATE,ZIP,EMAIL,WEBSITE,POC) values (10029,'Rich Products                           ','6199806908',null,'San Diego           ','CA','92105','richp@vendor.com',null,'Richard Jones       ');
Insert into TEACHER.VENDOR (VENDOR_ID,NAME,PHONE,ADDRESS,CITY,STATE,ZIP,EMAIL,WEBSITE,POC) values (10030,'Restaurant Stocking                     ','6199567666',null,'San Diego           ','CA','92113','reststock@vendor.com',null,'Enzo Rialto         ');
--------------------------------------------------------
--  DDL for Index ITEM_PK
--------------------------------------------------------

  CREATE UNIQUE INDEX "TEACHER"."ITEM_PK" ON "TEACHER"."ITEM" ("ITEM_ID") 
  PCTFREE 10 INITRANS 2 MAXTRANS 255 COMPUTE STATISTICS 
  STORAGE(INITIAL 65536 NEXT 1048576 MINEXTENTS 1 MAXEXTENTS 2147483645
  PCTINCREASE 0 FREELISTS 1 FREELIST GROUPS 1 BUFFER_POOL DEFAULT FLASH_CACHE DEFAULT CELL_FLASH_CACHE DEFAULT)
  TABLESPACE "SYSTEM" ;
--------------------------------------------------------
--  DDL for Index INGREDIENT_PK
--------------------------------------------------------

  CREATE UNIQUE INDEX "TEACHER"."INGREDIENT_PK" ON "TEACHER"."INGREDIENT" ("INGREDIENT_ID") 
  PCTFREE 10 INITRANS 2 MAXTRANS 255 COMPUTE STATISTICS 
  STORAGE(INITIAL 65536 NEXT 1048576 MINEXTENTS 1 MAXEXTENTS 2147483645
  PCTINCREASE 0 FREELISTS 1 FREELIST GROUPS 1 BUFFER_POOL DEFAULT FLASH_CACHE DEFAULT CELL_FLASH_CACHE DEFAULT)
  TABLESPACE "SYSTEM" ;
--------------------------------------------------------
--  DDL for Index VENDOR_PK
--------------------------------------------------------

  CREATE UNIQUE INDEX "TEACHER"."VENDOR_PK" ON "TEACHER"."VENDOR" ("VENDOR_ID") 
  PCTFREE 10 INITRANS 2 MAXTRANS 255 COMPUTE STATISTICS 
  STORAGE(INITIAL 65536 NEXT 1048576 MINEXTENTS 1 MAXEXTENTS 2147483645
  PCTINCREASE 0 FREELISTS 1 FREELIST GROUPS 1 BUFFER_POOL DEFAULT FLASH_CACHE DEFAULT CELL_FLASH_CACHE DEFAULT)
  TABLESPACE "SYSTEM" ;
--------------------------------------------------------
--  DDL for Index TABLEORDER_PK
--------------------------------------------------------

  CREATE UNIQUE INDEX "TEACHER"."TABLEORDER_PK" ON "TEACHER"."TABLEORDER" ("TABLEORDER_ID") 
  PCTFREE 10 INITRANS 2 MAXTRANS 255 COMPUTE STATISTICS 
  STORAGE(INITIAL 65536 NEXT 1048576 MINEXTENTS 1 MAXEXTENTS 2147483645
  PCTINCREASE 0 FREELISTS 1 FREELIST GROUPS 1 BUFFER_POOL DEFAULT FLASH_CACHE DEFAULT CELL_FLASH_CACHE DEFAULT)
  TABLESPACE "SYSTEM" ;
--------------------------------------------------------
--  DDL for Index STORAGE__IDX
--------------------------------------------------------

  CREATE UNIQUE INDEX "TEACHER"."STORAGE__IDX" ON "TEACHER"."STORAGE" ("INGREDIENT_INGREDIENT_ID") 
  PCTFREE 10 INITRANS 2 MAXTRANS 255 COMPUTE STATISTICS 
  STORAGE(INITIAL 65536 NEXT 1048576 MINEXTENTS 1 MAXEXTENTS 2147483645
  PCTINCREASE 0 FREELISTS 1 FREELIST GROUPS 1 BUFFER_POOL DEFAULT FLASH_CACHE DEFAULT CELL_FLASH_CACHE DEFAULT)
  TABLESPACE "SYSTEM" ;
--------------------------------------------------------
--  DDL for Index PLATE_PK
--------------------------------------------------------

  CREATE UNIQUE INDEX "TEACHER"."PLATE_PK" ON "TEACHER"."PLATE" ("PLATE_ID") 
  PCTFREE 10 INITRANS 2 MAXTRANS 255 COMPUTE STATISTICS 
  STORAGE(INITIAL 65536 NEXT 1048576 MINEXTENTS 1 MAXEXTENTS 2147483645
  PCTINCREASE 0 FREELISTS 1 FREELIST GROUPS 1 BUFFER_POOL DEFAULT FLASH_CACHE DEFAULT CELL_FLASH_CACHE DEFAULT)
  TABLESPACE "SYSTEM" ;
--------------------------------------------------------
--  DDL for Trigger INGREDIENT_INGREDIENT_ID_TRG
--------------------------------------------------------

  CREATE OR REPLACE TRIGGER "TEACHER"."INGREDIENT_INGREDIENT_ID_TRG" BEFORE
    INSERT ON ingredient
    FOR EACH ROW
     WHEN ( new.ingredient_id IS NULL ) BEGIN
    :new.ingredient_id := ingredient_ingredient_id_seq.nextval;
END;

/
ALTER TRIGGER "TEACHER"."INGREDIENT_INGREDIENT_ID_TRG" ENABLE;
--------------------------------------------------------
--  DDL for Trigger ITEM_ITEM_ID_TRG
--------------------------------------------------------

  CREATE OR REPLACE TRIGGER "TEACHER"."ITEM_ITEM_ID_TRG" BEFORE
    INSERT ON item
    FOR EACH ROW
     WHEN ( new.item_id IS NULL ) BEGIN
    :new.item_id := item_item_id_seq.nextval;
END;

/
ALTER TRIGGER "TEACHER"."ITEM_ITEM_ID_TRG" ENABLE;
--------------------------------------------------------
--  DDL for Trigger PLATE_PLATE_ID_TRG
--------------------------------------------------------

  CREATE OR REPLACE TRIGGER "TEACHER"."PLATE_PLATE_ID_TRG" BEFORE
    INSERT ON plate
    FOR EACH ROW
     WHEN ( new.plate_id IS NULL ) BEGIN
    :new.plate_id := plate_plate_id_seq.nextval;
END;

/
ALTER TRIGGER "TEACHER"."PLATE_PLATE_ID_TRG" ENABLE;
--------------------------------------------------------
--  DDL for Trigger TABLEORDER_TABLEORDER_ID_TRG
--------------------------------------------------------

  CREATE OR REPLACE TRIGGER "TEACHER"."TABLEORDER_TABLEORDER_ID_TRG" BEFORE
    INSERT ON tableorder
    FOR EACH ROW
     WHEN ( new.tableorder_id IS NULL ) BEGIN
    :new.tableorder_id := tableorder_tableorder_id_seq.nextval;
END;

/
ALTER TRIGGER "TEACHER"."TABLEORDER_TABLEORDER_ID_TRG" ENABLE;
--------------------------------------------------------
--  DDL for Trigger VENDOR_VENDOR_ID_TRG
--------------------------------------------------------

  CREATE OR REPLACE TRIGGER "TEACHER"."VENDOR_VENDOR_ID_TRG" BEFORE
    INSERT ON vendor
    FOR EACH ROW
     WHEN ( new.vendor_id IS NULL ) BEGIN
    :new.vendor_id := vendor_vendor_id_seq.nextval;
END;

/
ALTER TRIGGER "TEACHER"."VENDOR_VENDOR_ID_TRG" ENABLE;
--------------------------------------------------------
--  Constraints for Table PAYMENT
--------------------------------------------------------

  ALTER TABLE "TEACHER"."PAYMENT" MODIFY ("TABLEORDER_TABLEORDER_ID" NOT NULL ENABLE);
--------------------------------------------------------
--  Constraints for Table TABLE_PLATE
--------------------------------------------------------

  ALTER TABLE "TEACHER"."TABLE_PLATE" MODIFY ("PLATE_PLATE_ID" NOT NULL ENABLE);
  ALTER TABLE "TEACHER"."TABLE_PLATE" MODIFY ("TABLEORDER_TABLEORDER_ID" NOT NULL ENABLE);
--------------------------------------------------------
--  Constraints for Table TABLEORDER
--------------------------------------------------------

  ALTER TABLE "TEACHER"."TABLEORDER" ADD CONSTRAINT "TABLEORDER_PK" PRIMARY KEY ("TABLEORDER_ID")
  USING INDEX PCTFREE 10 INITRANS 2 MAXTRANS 255 COMPUTE STATISTICS 
  STORAGE(INITIAL 65536 NEXT 1048576 MINEXTENTS 1 MAXEXTENTS 2147483645
  PCTINCREASE 0 FREELISTS 1 FREELIST GROUPS 1 BUFFER_POOL DEFAULT FLASH_CACHE DEFAULT CELL_FLASH_CACHE DEFAULT)
  TABLESPACE "SYSTEM"  ENABLE;
  ALTER TABLE "TEACHER"."TABLEORDER" MODIFY ("TABLEORDER_ID" NOT NULL ENABLE);
--------------------------------------------------------
--  Constraints for Table VENDOR
--------------------------------------------------------

  ALTER TABLE "TEACHER"."VENDOR" ADD CONSTRAINT "VENDOR_PK" PRIMARY KEY ("VENDOR_ID")
  USING INDEX PCTFREE 10 INITRANS 2 MAXTRANS 255 COMPUTE STATISTICS 
  STORAGE(INITIAL 65536 NEXT 1048576 MINEXTENTS 1 MAXEXTENTS 2147483645
  PCTINCREASE 0 FREELISTS 1 FREELIST GROUPS 1 BUFFER_POOL DEFAULT FLASH_CACHE DEFAULT CELL_FLASH_CACHE DEFAULT)
  TABLESPACE "SYSTEM"  ENABLE;
  ALTER TABLE "TEACHER"."VENDOR" MODIFY ("VENDOR_ID" NOT NULL ENABLE);
--------------------------------------------------------
--  Constraints for Table INGREDIENT
--------------------------------------------------------

  ALTER TABLE "TEACHER"."INGREDIENT" ADD CONSTRAINT "INGREDIENT_PK" PRIMARY KEY ("INGREDIENT_ID")
  USING INDEX PCTFREE 10 INITRANS 2 MAXTRANS 255 COMPUTE STATISTICS 
  STORAGE(INITIAL 65536 NEXT 1048576 MINEXTENTS 1 MAXEXTENTS 2147483645
  PCTINCREASE 0 FREELISTS 1 FREELIST GROUPS 1 BUFFER_POOL DEFAULT FLASH_CACHE DEFAULT CELL_FLASH_CACHE DEFAULT)
  TABLESPACE "SYSTEM"  ENABLE;
  ALTER TABLE "TEACHER"."INGREDIENT" MODIFY ("INGREDIENT_ID" NOT NULL ENABLE);
--------------------------------------------------------
--  Constraints for Table PLATE_ITEM
--------------------------------------------------------

  ALTER TABLE "TEACHER"."PLATE_ITEM" MODIFY ("ITEM_ITEM_ID" NOT NULL ENABLE);
  ALTER TABLE "TEACHER"."PLATE_ITEM" MODIFY ("PLATE_PLATE_ID" NOT NULL ENABLE);
--------------------------------------------------------
--  Constraints for Table PLATE
--------------------------------------------------------

  ALTER TABLE "TEACHER"."PLATE" ADD CONSTRAINT "PLATE_PK" PRIMARY KEY ("PLATE_ID")
  USING INDEX PCTFREE 10 INITRANS 2 MAXTRANS 255 COMPUTE STATISTICS 
  STORAGE(INITIAL 65536 NEXT 1048576 MINEXTENTS 1 MAXEXTENTS 2147483645
  PCTINCREASE 0 FREELISTS 1 FREELIST GROUPS 1 BUFFER_POOL DEFAULT FLASH_CACHE DEFAULT CELL_FLASH_CACHE DEFAULT)
  TABLESPACE "SYSTEM"  ENABLE;
  ALTER TABLE "TEACHER"."PLATE" MODIFY ("PLATE_ID" NOT NULL ENABLE);
--------------------------------------------------------
--  Constraints for Table STORAGE
--------------------------------------------------------

  ALTER TABLE "TEACHER"."STORAGE" MODIFY ("INGREDIENT_INGREDIENT_ID" NOT NULL ENABLE);
--------------------------------------------------------
--  Constraints for Table ITEM
--------------------------------------------------------

  ALTER TABLE "TEACHER"."ITEM" ADD CONSTRAINT "ITEM_PK" PRIMARY KEY ("ITEM_ID")
  USING INDEX PCTFREE 10 INITRANS 2 MAXTRANS 255 COMPUTE STATISTICS 
  STORAGE(INITIAL 65536 NEXT 1048576 MINEXTENTS 1 MAXEXTENTS 2147483645
  PCTINCREASE 0 FREELISTS 1 FREELIST GROUPS 1 BUFFER_POOL DEFAULT FLASH_CACHE DEFAULT CELL_FLASH_CACHE DEFAULT)
  TABLESPACE "SYSTEM"  ENABLE;
  ALTER TABLE "TEACHER"."ITEM" MODIFY ("ITEM_ID" NOT NULL ENABLE);
--------------------------------------------------------
--  Constraints for Table INGRED_VENDOR
--------------------------------------------------------

  ALTER TABLE "TEACHER"."INGRED_VENDOR" MODIFY ("INGREDIENT_INGREDIENT_ID" NOT NULL ENABLE);
  ALTER TABLE "TEACHER"."INGRED_VENDOR" MODIFY ("VENDOR_VENDOR_ID" NOT NULL ENABLE);
--------------------------------------------------------
--  Constraints for Table SPOILAGE
--------------------------------------------------------

  ALTER TABLE "TEACHER"."SPOILAGE" MODIFY ("INGREDIENT_INGREDIENT_ID" NOT NULL ENABLE);
--------------------------------------------------------
--  Constraints for Table ITEM_INGRED
--------------------------------------------------------

  ALTER TABLE "TEACHER"."ITEM_INGRED" MODIFY ("INGREDIENT_INGREDIENT_ID" NOT NULL ENABLE);
  ALTER TABLE "TEACHER"."ITEM_INGRED" MODIFY ("ITEM_ITEM_ID" NOT NULL ENABLE);
--------------------------------------------------------
--  Ref Constraints for Table INGRED_VENDOR
--------------------------------------------------------

  ALTER TABLE "TEACHER"."INGRED_VENDOR" ADD CONSTRAINT "INGRED_VENDOR_INGREDIENT_FK" FOREIGN KEY ("INGREDIENT_INGREDIENT_ID")
	  REFERENCES "TEACHER"."INGREDIENT" ("INGREDIENT_ID") ENABLE;
  ALTER TABLE "TEACHER"."INGRED_VENDOR" ADD CONSTRAINT "INGRED_VENDOR_VENDOR_FK" FOREIGN KEY ("VENDOR_VENDOR_ID")
	  REFERENCES "TEACHER"."VENDOR" ("VENDOR_ID") ENABLE;
--------------------------------------------------------
--  Ref Constraints for Table ITEM_INGRED
--------------------------------------------------------

  ALTER TABLE "TEACHER"."ITEM_INGRED" ADD CONSTRAINT "ITEM_INGRED_INGREDIENT_FK" FOREIGN KEY ("INGREDIENT_INGREDIENT_ID")
	  REFERENCES "TEACHER"."INGREDIENT" ("INGREDIENT_ID") ENABLE;
  ALTER TABLE "TEACHER"."ITEM_INGRED" ADD CONSTRAINT "ITEM_INGRED_ITEM_FK" FOREIGN KEY ("ITEM_ITEM_ID")
	  REFERENCES "TEACHER"."ITEM" ("ITEM_ID") ENABLE;
--------------------------------------------------------
--  Ref Constraints for Table PAYMENT
--------------------------------------------------------

  ALTER TABLE "TEACHER"."PAYMENT" ADD CONSTRAINT "PAYMENT_TABLEORDER_FK" FOREIGN KEY ("TABLEORDER_TABLEORDER_ID")
	  REFERENCES "TEACHER"."TABLEORDER" ("TABLEORDER_ID") ENABLE;
--------------------------------------------------------
--  Ref Constraints for Table PLATE_ITEM
--------------------------------------------------------

  ALTER TABLE "TEACHER"."PLATE_ITEM" ADD CONSTRAINT "PLATE_ITEM_ITEM_FK" FOREIGN KEY ("ITEM_ITEM_ID")
	  REFERENCES "TEACHER"."ITEM" ("ITEM_ID") ENABLE;
  ALTER TABLE "TEACHER"."PLATE_ITEM" ADD CONSTRAINT "PLATE_ITEM_PLATE_FK" FOREIGN KEY ("PLATE_PLATE_ID")
	  REFERENCES "TEACHER"."PLATE" ("PLATE_ID") ENABLE;
--------------------------------------------------------
--  Ref Constraints for Table SPOILAGE
--------------------------------------------------------

  ALTER TABLE "TEACHER"."SPOILAGE" ADD CONSTRAINT "SPOILAGE_INGREDIENT_FK" FOREIGN KEY ("INGREDIENT_INGREDIENT_ID")
	  REFERENCES "TEACHER"."INGREDIENT" ("INGREDIENT_ID") ENABLE;
--------------------------------------------------------
--  Ref Constraints for Table STORAGE
--------------------------------------------------------

  ALTER TABLE "TEACHER"."STORAGE" ADD CONSTRAINT "STORAGE_INGREDIENT_FK" FOREIGN KEY ("INGREDIENT_INGREDIENT_ID")
	  REFERENCES "TEACHER"."INGREDIENT" ("INGREDIENT_ID") ENABLE;
--------------------------------------------------------
--  Ref Constraints for Table TABLE_PLATE
--------------------------------------------------------

  ALTER TABLE "TEACHER"."TABLE_PLATE" ADD CONSTRAINT "TABLE_PLATE_PLATE_FK" FOREIGN KEY ("PLATE_PLATE_ID")
	  REFERENCES "TEACHER"."PLATE" ("PLATE_ID") ENABLE;
  ALTER TABLE "TEACHER"."TABLE_PLATE" ADD CONSTRAINT "TABLE_PLATE_TABLEORDER_FK" FOREIGN KEY ("TABLEORDER_TABLEORDER_ID")
	  REFERENCES "TEACHER"."TABLEORDER" ("TABLEORDER_ID") ENABLE;
